ASN,Entity
174,"COGENT-174"
612,"UNKNOWN"
1442,"ASNSISL"
2119,"Telenor Norge AS"
2639,"ZOHO-AS"
3210,"Secure Data Systems SRL"
3223,"Voxility LLP"
3266,"UNKNOWN"
3396,"UNKNOWN"
3502,"INTNET"
3561,"CENTURYLINK-LEGACY-SAVVIS"
3563,"UNKNOWN"
3700,"CLOUD9"
3722,"UNKNOWN"
3791,"ASCENSION-KSWIC"
3842,"RAMNODE"
3904,"UNKNOWN"
4250,"ALENT-ASN-1"
4323,"UNKNOWN"
4640,"UNKNOWN"
4694,"IDC Frontier Inc."
4755,"TATA Communications formerly VSNL is Leading ISP"
4851,"Host Networks"
5041,"UNKNOWN"
5541,"INVITE Systems SRL"
5577,"root SA"
5784,"GETNET"
6188,"VPSDATACENTER"
6218,"UNKNOWN"
6295,"GREENHOUSE-WA"
6364,"ATLANTIC-NET-1"
6428,"CDM"
6560,"UNKNOWN"
6718,"Nav Communications Srl"
6724,"Strato AG"
6729,"UNKNOWN"
6870,"RECONN LLC"
6939,"HURRICANE"
7052,"UNKNOWN"
7156,"UNKNOWN"
7158,"NETFEED-AS"
7203,"LEASEWEB-USA-SFO-12"
7259,"UNKNOWN"
7289,"UNKNOWN"
7337,"UNKNOWN"
7349,"AS-TIERP-7349"
7455,"MOTO-INT1-AS"
7489,"HostUS"
7506,"GMO Internet,Inc"
7544,"UNKNOWN"
7595,"Readyspace Cloud Services"
7598,"Forcepoint Cloud Services - AsiaPac region"
7655,"UNKNOWN"
7684,"SAKURA Internet Inc."
7827,"UNKNOWN"
7850,"CITYLINKFIBER"
7880,"UNKNOWN"
7883,"ELPC-INC"
7907,"UNKNOWN"
7918,"UNKNOWN"
7979,"SERVERS"
8095,"UNKNOWN"
8100,"ASN-QUADRANET-GLOBAL"
8219,"Irina Sergeevna Khoruzhaya"
8455,"Schuberg Philis B.V."
8477,"Echostar Studio Sp. z o.o."
8556,"Levantis Hosting GmbH"
8560,"1&1 Ionos Se"
8972,"Host Europe GmbH"
9009,"M247 Ltd"
9166,"Cegeka NV"
9290,"GoHosting"
9370,"SAKURA Internet Inc."
9405,"Test platform Service Center"
9412,"5G NETWORK OPERATIONS PTY LTD"
9667,"5G NETWORK OPERATIONS PTY LTD"
9683,"Seoul Facilities Corporation"
9823,"Education Web Hosting"
9925,"Powerbase DataCenter Services (HK) Ltd."
10114,"UNKNOWN"
10122,"BIGO TECHNOLOGY PTE. LTD."
10123,"Flytxt Mobile Solutions Pvt Ltd"
10200,"Web hosting provider and ISP connectivity."
10207,"Intervolve Pty Ltd"
10297,"ENET-2"
10439,"CARINET"
10462,"UNKNOWN"
10532,"RACKSPACE"
10704,"ML Telecom"
10737,"UNKNOWN"
10741,"UNKNOWN"
10765,"CLOUDNET-AS"
10908,"CLOUDFLOORAS"
10929,"NETELLIGENT"
10963,"PROTERRA-SC"
11029,"UNKNOWN"
11114,"WINTEK-CORP"
11230,"MHSFL"
11235,"ITRONHOSTINGAS"
11274,"ADHOST"
11282,"SERVERYOU"
11588,"HIGHWINDS"
11754,"UNKNOWN"
11831,"ESECUREDATA"
11849,"CAMPLINK-3"
11878,"TZULO"
11931,"NYC-EDC-165"
12364,"University of Macedonia, Economic and Social Sciences"
12506,"UNKNOWN"
12586,"GHOSTnet GmbH"
12617,"Sentia Denmark A/S"
12679,"Iceberg Telecom Ltd."
12720,"UNKNOWN"
12816,"Leibniz-Rechenzentrum"
12824,"home.pl S.A."
12876,"Online S.a.s."
12989,"StackPath LLC"
13209,"Atom Hosting SRL"
13213,"UK-2 Limited"
13332,"HYPEENT-SJ"
13389,"AZUKI"
13537,"MEGACOLO"
13557,"NETIN"
13647,"NETACTUATE"
13739,"DATACENTER-IP"
13798,"UNKNOWN"
13909,"TECHIEMEDIA"
13926,"NETPROTECT-PHX"
13955,"ECHO-UPLINKDATA-COM"
14029,"UNKNOWN"
14061,"DIGITALOCEAN-ASN"
14120,"ITHS-NY4-BLK-001"
14127,"ILAND"
14135,"NAVISITE-EAST-2"
14141,"UNKNOWN"
14160,"PREMIUMTELECOM"
14179,"UNKNOWN"
14202,"UNKNOWN"
14230,"INVOLTA"
14244,"NSIHOSTING-EQX-VA"
14384,"HOSTDESIGNS"
14415,"HOSTCOLLECTIVE"
14442,"MEDIA-HOSTS"
14567,"SPRINGS"
14572,"TMFHC"
14576,"HOSTING-SOLUTIONS"
14618,"AMAZON-AES"
14670,"UNKNOWN"
14708,"WebHost Chile S.A."
14770,"REYNOLDSMEDIA-01"
14986,"ULTRAHOST"
14987,"RETHEMHOSTING"
14992,"CRYSTALTECH"
15003,"NOBIS-TECH"
15083,"INFOLINK-MIA"
15189,"VIMRO-AS15189"
15395,"Rackspace Ltd."
15497,"7heaven LLC"
15510,"Compuweb Communications Services Limited"
15626,"ITL LLC"
15656,"Nano Iletisim Bilisim Hizmetleri Teknoloji Sistemleri Sanayi ve Ticaret Ltd Sirketi"
15734,"Equinix (spain) Enterprises Slu"
15919,"Servicios de Hosting en Internet S.A."
16125,"UAB Cherry Servers"
16262,"Datacheap Ltd."
16276,"OVH SAS"
16284,"UNSPECIFIED"
16312,"Zbridge Limited"
16371,"acens Technologies, S.L."
16397,"EQUINIX BRASIL"
16509,"AMAZON-02"
16535,"ECHOS-3"
16628,"DEDICATED-FIBER-COMMUNICATIONS"
16862,"UNKNOWN"
16973,"T-Four Services S.A"
17019,"UNKNOWN"
17048,"AWKNET-LLC"
17139,"NETRANGE"
17216,"DC74-AS"
17312,"UNKNOWN"
17393,"SERVERGRID"
17439,"Netmagic Datacenter Mumbai"
17440,"PT Sinar Alam Abadi"
17669,"ac3, Australian Centre for Advanced Computing and Communications"
17683,"Wingtechnology Communications, Inc."
17881,"Inet Hosting, Inc."
17918,"ac3, Australian Centre for Advanced Computing and Communications"
17920,"LSHIY Backbone"
17971,"TM-VADS DC Hosting"
17997,"UNKNOWN"
18024,"Bhutan Telecom Ltd"
18025,"Bhutan Telecom Ltd"
18120,"Gemini Software Solutions (P) Ltd. Hosting Services, India"
18450,"WEBNX"
18570,"ECHOSTAR-BROADCASTING-CORPORATION"
18586,"DIVINEHOST"
18645,"UMHB-BELTON"
18779,"EGIHOSTING"
18978,"ENZUINC"
18981,"UNKNOWN"
18984,"UNKNOWN"
19084,"COLOUP"
19133,"BIRD-HOSTING"
19148,"LEASEWEB-USA-PHX-11"
19234,"CANADAWEBHOSTING-AS"
19318,"IS-AS-1"
19376,"UNKNOWN"
19437,"SS-ASH"
19529,"UNKNOWN"
19531,"NODESDIRECT"
19624,"SERVERROOM"
19710,"DINO-SOL"
19832,"FTB"
19844,"GORACK"
19871,"NETWORK-SOLUTIONS-HOSTING"
19893,"RAGINGWIRE"
19894,"UNKNOWN"
19969,"JOESDATACENTER"
19994,"RACKSPACE"
20021,"LNH-INC"
20068,"HAWKHOST"
20150,"ANYNODE"
20248,"TAKE2"
20264,"WEBAIR-INTERNET-2"
20360,"UNKNOWN"
20401,"UNKNOWN"
20448,"VPNTRANET-LLC"
20450,"THL16-ASN"
20454,"SSASN2"
20473,"AS-CHOOPA"
20598,"Autonomous System number for Cyber Space"
20692,"Matthias Rojahn"
20714,"Merlin-Telekom LLC"
20730,"BIKS+ Ltd."
20738,"Host Europe GmbH"
20773,"Host Europe GmbH"
20836,"CDLAN s.r.l."
20860,"Iomart Cloud Services Limited"
21100,"ITL LLC"
21159,"NovoServe B.V."
21217,"Safe Host SA"
21321,"Areti Internet Ltd."
21501,"Host Europe GmbH"
21584,"MTSNO-1"
21679,"SERVERSIDE-01"
21788,"HIPOINT"
21859,"ZNET"
21926,"UNKNOWN"
21983,"AURORNET"
22119,"UNKNOWN"
22152,"OCHS"
22363,"PHMGMT-AS1"
22427,"UNKNOWN"
22552,"ESITED"
22558,"UNKNOWN"
22611,"IMH-WEST"
22628,"UNKNOWN"
22676,"UNKNOWN"
22720,"RACKSPACE-A"
22781,"RBLHST"
22893,"TRINUS-TECH-EDM-01"
22903,"EDGE-HOSTING"
23033,"WOW"
23052,"UNKNOWN"
23108,"QUANTACT"
23273,"UNKNOWN"
23312,"SCIV-WD"
23342,"UNITEDLAYER"
23352,"SERVERCENTRAL"
23450,"UNKNOWN"
23535,"HOSTROCKET"
23537,"CRITIGEN"
23881,"UDomain Web Hosting Company Ltd"
24142,"UNKNOWN"
24220,"Hostcentral"
24381,"UNKNOWN"
24428,"Beijing Founder Broadband Network Technology Co.,Ltd"
24482,"SG.GS"
24549,"UNKNOWN"
24558,"Internet Hosting Service Provider to the Aditya"
24611,"Datacenter Luxembourg S.A."
24679,"Hostway Deutschland GmbH"
24725,"LLC Hostmaster"
24768,"Almouroltec Servicos De Informatica E Internet Lda"
24875,"NovoServe B.V."
24931,"Pulsant Limited"
24940,"Hetzner Online GmbH"
24958,"The Bunker Secure Hosting Ltd"
24961,"myLoc managed IT AG"
24971,"Master Internet s.r.o."
24997,"Caucasus digital network"
25048,"DSNET Ltd"
25128,"Hostway Deutschland GmbH"
25163,"21 st Century Technologies Limited"
25260,"QualityHosting AG"
25335,"Next Global Services L.p."
25369,"Hydra Communications Ltd"
25379,"PEKITEL Ltd."
25486,"'Lightup Network Solutions GmbH & Co. KG"
25532,"LLC masterhost"
25642,"SPIDERHOST"
25653,"FORTRESSITX"
25780,"HUGESERVER-NETWORKS"
25820,"IT7NET"
25897,"SERVERBEACH"
25926,"HOSTUS-SOLUTIONS-LLC"
26044,"UNKNOWN"
26045,"UNKNOWN"
26272,"UNKNOWN"
26277,"PREMIANET"
26347,"DREAMHOST-AS"
26481,"REBEL-HOSTING"
26484,"IKGUL-26484"
26496,"AS-26496-GO-DADDY-COM-LLC"
26658,"HENGTONG-IDC-LLC"
26930,"UNKNOWN"
26978,"QTS-PHX"
27175,"ATNETHOST-AS02"
27176,"DATAWAGON"
27223,"LOATHING"
27229,"WEBHOST-ASN1"
27257,"WEBAIR-INTERNET"
27310,"UNKNOWN"
27357,"RACKSPACE"
27411,"LEASEWEB-USA-CHI-11"
27524,"UNKNOWN"
27589,"MOJOHOST"
27597,"SITESERVER-IDC1"
27640,"GIGASNET-AS"
27846,"UNKNOWN"
28092,"UNKNOWN"
28099,"iHosting Servicios Internet Ltda."
28216,"Host One Servicos de Internet Ltda"
28333,"Local Datacenter Solucoes em Comunicacao Ltda."
28490,"UNKNOWN"
28639,"LocalNet Network"
28747,"Easyhost BVBA"
28753,"Leaseweb Deutschland GmbH"
28855,"Octopuce s.a.r.l."
28997,"Nedcomp Hosting B.V."
29066,"Host Europe GmbH"
29067,"LLC Hostmaster"
29073,"UNKNOWN"
29097,"Hostpoint AG"
29119,"ServiHosting Networks S.L."
29140,"Hostserver GmbH"
29182,"JSC The First"
29262,"Ideal Hosting Teknoloji A.S."
29302,"Hosting Services Inc"
29311,"Solvinity B.V."
29331,"Forsikringens Datacenter A/S"
29354,"UNKNOWN"
29452,"Secura Hosting Ltd"
29465,"MTN NIGERIA Communication limited"
29550,"Simply Transit Ltd"
29691,"Nine Internet Solutions AG"
29713,"ELIA-60"
29748,"QTS-ASH"
29761,"AS-QUADRANET"
29802,"HVC-AS"
29812,"UNKNOWN"
29838,"AMC"
29854,"WESTHOST"
29869,"DOTBLOCK-3"
29883,"AS-IHS"
29971,"ICUC001"
30083,"AS-30083-GO-DADDY-COM-LLC"
30137,"UNKNOWN"
30152,"BEYOND-HOSTING"
30176,"AS-PRIORITYCOLO"
30186,"UNKNOWN"
30235,"TWINSERVERS"
30279,"UNKNOWN"
30475,"WEHOSTWEBSITES-COM"
30479,"UNKNOWN"
30633,"LEASEWEB-USA-WDC"
30693,"ASBLOCK-30693"
30849,"Research-and-production company Host Ltd"
30900,"Sternforth Ltd."
30938,"ahbr company limited"
30998,"Netcom Africa Limited"
31034,"Aruba S.p.A."
31103,"Keyweb AG"
31240,"ZAO Hosting Telesystems"
31251,"Falco Networks B.V."
31400,"Accelerated IT Services & Consulting GmbH"
31472,"VoiceHost Ltd"
31590,"Rackhosting.com ApS"
31659,"Below Zero Hosting Ltd."
31698,"UNKNOWN"
31715,"CloudIP LLC"
31797,"UNKNOWN"
31807,"RACKALOHA1"
31863,"DACEN-2"
31898,"ORACLE-BMC-31898"
31981,"BLUETOWERHOSTING-ASN"
32087,"UNKNOWN"
32097,"WII"
32177,"UNKNOWN"
32181,"ASN-GIGENET"
32244,"LIQUIDWEB"
32275,"UNKNOWN"
32306,"UNKNOWN"
32311,"UNKNOWN"
32338,"HOSTISERVER"
32400,"HWSERVICES-32400"
32475,"SINGLEHOP-LLC"
32489,"AMANAHA-NEW"
32579,"CITY-OF-VALLEJO"
32613,"IWEB-AS"
32647,"CRUCIALWEBHOST"
32714,"UNKNOWN"
32740,"SLIQUA"
32780,"HOSTINGSERVICES-INC"
32875,"VIRP"
32881,"SERVERNORTH"
32911,"UNKNOWN"
32931,"PEAKTERA"
32959,"LITEUP"
32986,"KEYDEV"
32987,"AS080780"
33028,"COGENT-174"
33070,"RMH-14"
33083,"AXCELX-NET"
33182,"DIMENOC"
33251,"UNKNOWN"
33260,"HOSTASAUR"
33302,"ONS-COS"
33322,"NDCHOST"
33330,"CLOUDRADIUM-ASN"
33333,"AWKNET-INC"
33387,"NOCIX"
33438,"HIGHWINDS2"
33475,"UNKNOWN"
33480,"WEBWERKSAS1"
33532,"VOYAGETECHAS"
33552,"UNKNOWN"
33569,"ALLHOSTSHOP"
33611,"UNKNOWN"
33688,"UNKNOWN"
33724,"BIZNESSHOSTING-DBA-VOLICO"
33785,"CITYNET"
33891,"UNKNOWN"
34109,"UNKNOWN"
34305,"Base IP B.V."
34432,"Profihost AG"
34541,"Online Solutions Oy"
34649,"Host365 Limited"
34665,"Petersburg Internet Network ltd."
34745,"TeleWare Hosted Services Ltd."
34971,"Prometeus di Daniela Agro"
34989,"ServeTheWorld AS"
34991,"UNKNOWN"
35017,"Swiftway Sp. z o.o."
35278,"Sprinthost.ru LLC"
35295,"Jsc ru-center"
35297,"Dataline LLC"
35366,"ISPpro Internet KG"
35415,"Webzilla B.V."
35470,"Signet B.V."
35662,"UNKNOWN"
35908,"VPLSNET"
35914,"ARMOR-DEFENSE"
35916,"MULTA-ASN1"
35974,"UNKNOWN"
36024,"AS-TIERP-36024"
36114,"VERSAWEB-ASN"
36236,"NETACTUATE"
36263,"UNKNOWN"
36290,"THECABLE-STKITTS-01"
36351,"SOFTLAYER"
36352,"AS-COLOCROSSING"
36408,"CDNETWORKSUS-02"
36536,"ENTERHOST-AS"
36542,"SERVERNET"
36666,"GTCOMM"
36791,"PDXHOSTING-01"
36873,"Celtel Nigeria Limited t.a ZAIN"
36887,"UNKNOWN"
36920,"KKON"
36970,"interswitch"
37018,"Galaxy Backbone PLC"
37088,"VDT COMMUNICATIONS LIMITED"
37135,"UNKNOWN"
37148,"globacom-as"
37153,"xneelo"
37170,"UNILAG"
37209,"HYPERIA"
37230,"SWIFTTALK"
37248,"PHASE3TEL"
37266,"AMOBIA-ASN"
37268,"UNKNOWN"
37269,"ICSL"
37280,"BCL"
37308,"COOLLINK"
37347,"NGCOM"
37377,"Futurecom"
37472,"NIGCOMSAT"
37506,"Zinox"
37518,"FIBERGRID"
37521,"Internet-Solutions"
37540,"WINROCK"
37643,"UNKNOWN"
37661,"NRaE1-AS"
37692,"UNKNOWN"
37714,"BITFLUX"
37775,"UNKNOWN"
37962,"UNKNOWN"
37963,"Hangzhou Alibaba Advertising Co.,Ltd."
38001,"NewMedia Express Pte Ltd"
38107,"CDNetworks"
38279,"IOMNET-AS ISP/Hosting service Provider Manila"
38283,"CHINANET SiChuan Telecom Internet Data Center"
38814,"MEGA VANTAGE INFORMATION TECHNOLOGY (HONG KONG) LIMITED"
38894,"manageNET Pty Ltd hosting services"
38913,"Infra Blocks B.V."
39020,"Comvive Servidores S.L."
39326,"HighSpeed Office Limited"
39351,"31173 Services AB"
39392,"SuperNetwork s.r.o."
39451,"Melbourne Server Hosting Ltd"
39458,"Real Hosts Limited"
39523,"Vasilyev Ivan Ivanovich"
39536,"UNKNOWN"
39572,"DataWeb Global Group B.V."
39756,"Easyhost Srl"
39798,"MivoCloud SRL"
39839,"DK Hostmaster A/S"
40156,"THEOPT-HOU"
40165,"VCS"
40244,"TURNKEY-INTERNET"
40281,"QWKNET"
40355,"SUNDANCE-NET"
40374,"HIDHO"
40438,"CANHOST-INC"
40446,"UNKNOWN"
40529,"CORBIXNETWORKS"
40539,"PROHCI"
40665,"UNKNOWN"
40676,"HostUS"
40715,"DATACENTER-BZ"
40728,"GEARHOST"
40775,"UNKNOWN"
40819,"VPSDATACENTER"
40824,"WZCOM"
40861,"PARAD-40-ASN"
41011,"Ch-net S.r.l."
41062,"ProstoHosting LTD"
41079,"H88 S.A."
41331,"Cure Group Sp. z o.o."
41369,"Valtti Kumppanit Oy"
41390,"RN Data SIA"
41427,"Datacenter d.o.o."
41500,"LLC RUNET"
41562,"Host4all Sarl"
41653,"Aqua Ray SAS"
41665,"Tehnologii Budushego LLC"
42120,"MODIT Informatikai Zrt."
42152,"VCD Infra Solutions B.V."
42160,"lcp nv"
42210,"NetActuate Inc"
42229,"UNKNOWN"
42244,"Hosting Operator eServer.ru Ltd."
42311,"Patrick Gaertke"
42331,"PE Freehost"
42399,"Jsc ru-center"
42400,"UNKNOWN"
42418,"UNKNOWN"
42442,"Adacor Hosting GmbH"
42465,"Forcepoint Cloud Ltd"
42473,"ANEXIA Internetdienstleistungs GmbH"
42570,"Nagravision SA"
42612,"DinaHosting S.L."
42622,"Teknik i Media Datacenter Stockholm AB"
42694,"UNKNOWN"
42695,"City Network Hosting AB"
42699,"managedhosting.de GmbH"
42705,"Talia Limited"
42708,"GleSYS AB"
42730,"EVANZO e-commerce GmbH"
42776,"Hostel Ltd."
42831,"UK Dedicated Servers Limited"
42861,"Foton Telecom CJSC"
42926,"Radore Veri Merkezi Hizmetleri A.S."
43021,"Certit Hosting Handelsbolag"
43043,"UNKNOWN"
43146,"Domain names registrar REG.RU, Ltd"
43147,"UNKNOWN"
43198,"UNKNOWN"
43289,"I.C.S. Trabia-Network S.R.L."
43317,"Fishnet Communications LLC"
43350,"NForce Entertainment B.V."
43444,"Blockchain Network Solutions Ltd"
43472,"HostingMax LTD"
43541,"VSHosting s.r.o."
43554,"Cifrovye Dispetcherskie Sistemy"
43620,"Timico Managed Services Ltd"
43659,"Cloud Computing Ltd."
44050,"Petersburg Internet Network ltd."
44066,"First Colo GmbH"
44204,"UNKNOWN"
44220,"Parfumuri Femei.com SRL"
44227,"JustNet GmbH"
44398,"Itadel A/S"
44414,"UNKNOWN"
44520,"UNKNOWN"
44559,"UNKNOWN"
44685,"Patron Technology Persia Ltd"
44750,"TOV 'Solarix Consulting LTD'"
44814,"Bulgartel EAD"
44853,"Telehost SRL"
44901,"Belcloud LTD"
45017,"dominet LLC"
45052,"UNKNOWN"
45102,"Alibaba (US) Technology Co., Ltd."
45152,"Zone Networks Pty Ltd, Managed Hosting Solutions"
45179,"SiteHost New Zealand"
45187,"Rackspace IT Hosting AS IT Hosting Provider Hong Kong"
45201,"Nexon Asia Pacific Pty Ltd"
45276,"NReach Net (Pvt.) Ltd"
45470,"8 to Infinity Pte Ltd"
45481,"Digital Sense Data Centre Hosting Brisbane"
45486,"HostCorp Internet"
45569,"UNKNOWN"
45577,"Intervolve Pty Ltd"
45671,"Wholesale Services Provider"
45693,"UNKNOWN"
45815,"ESDS Software Solution Pvt. Ltd."
45839,"Shinjiru Technology Sdn Bhd"
45887,"GPLHost LLC"
46015,"Exa Bytes Network Sdn.Bhd."
46176,"KKING"
46177,"WINTERTON-N2-SIMPLECDN"
46260,"UNKNOWN"
46261,"QUICKPACKET"
46284,"UNKNOWN"
46370,"UNKNOWN"
46430,"ASN-VICTON"
46433,"ADF01"
46475,"LIMESTONENETWORKS"
46562,"TOTAL-SERVER-SOLUTIONS"
46573,"LAYER-HOST"
46606,"UNIFIEDLAYER-AS-1"
46640,"NWNCOMM"
46664,"VDI-NETWORK"
46723,"RESNET"
46805,"Inter Connects Inc"
46816,"DSNETWORKS-001"
46844,"ST-BGP"
46873,"HOSTCOLOR"
46879,"NCTCOG-911-ESINET-AS"
46931,"UNKNOWN"
46945,"ELITEHOSTS"
47142,"UNKNOWN"
47143,"Todayhost Limited"
47161,"KosmoHost IT Technologies LTD"
47172,"Greenhost BV"
47205,"Telia Lietuva, AB"
47328,"True Records Inc."
47385,"Jsc ru-center"
47447,"23media GmbH"
47500,"Ianciuc Invest Srl"
47549,"Hosting Systems Ltd"
47577,"Righthosting Ltd"
47583,"Hostinger International Limited"
47588,"Tel Communications L.L.C."
47598,"PE Khersontelecom"
47602,"Profisol Telecom S.R.L."
47625,"Hosting Systems"
47860,"OOO OTC"
47869,"Netrouting"
47893,"UNKNOWN"
47920,"Andrejs Guba"
47995,"Apple Technologies LLC"
48028,"UNKNOWN"
48030,"UNKNOWN"
48066,"Zimagen S.L."
48093,"Webland AB"
48262,"UNKNOWN"
48266,"SC Epogen Media SRL"
48277,"Unified system of trade procedures Ltd."
48446,"Hostersi Sp. z o.o."
48551,"Sindad Network Technology Ltd"
48716,"PS Internet Company LLC"
48812,"DataCenter Noord BV"
48825,"Fast4networks Ltd"
48882,"LLC Optima-East"
48896,"dhosting.pl Sp. z o.o."
48974,"UNKNOWN"
49006,"Sisteme Avansate SRL"
49074,"Sc Technological Srl"
49173,"Telecable Almonte, S.L."
49302,"Activ Net Srl"
49313,"Seva-Host Ltd"
49349,"Dotsi, Unipessoal Lda."
49367,"Seflow S.N.C. Di Marco Brame' & C."
49443,"Sisteme Avansate SRL"
49453,"Global Layer B.V."
49485,"High Availability Hosting Limited"
49505,"OOO Network of data-centers Selectel"
49532,"Eonix Corporation"
49544,"i3D.net B.V"
49597,"UNKNOWN"
49643,"Optibit LLC"
49682,"BNB-Bank OJSC"
49693,"Best-Hoster Group Co. Ltd."
49815,"Host2 Ltd"
49818,"KABELSAT-2000 Kft."
49834,"Best Hosting Company, LLC"
49949,"24 Solutions AB"
49981,"WorldStream B.V."
50112,"Fondazione Ugo Bordoni"
50113,"NTX Technologies s.r.o."
50297,"Infium, UAB"
50461,"UNKNOWN"
50465,"IQHost Ltd"
50581,"Ukrainian Telecommunication Group LLC"
50608,"Ventelo Hosting AS"
50613,"Advania Island ehf"
50630,"Segezha Packaging A/S"
50655,"Its Hosted"
50872,"UNKNOWN"
50915,"UNKNOWN"
50926,"Infortelecom Hosting S.L."
50968,"Hostmaster, Ltd."
50986,"Excellent Hosting Sweden AB"
51050,"H4Hosting BV"
51092,"TVIP Media LLC"
51109,"UNKNOWN"
51159,"Think Systems UK Ltd"
51167,"Contabo GmbH"
51191,"Xirra GmbH"
51241,"IRAN POST Company"
51248,"Host-Telecom.com s.r.o."
51290,"Hosteam S.c. Tomasz Groszewski Bartosz Waszak Lukasz Groszewski"
51294,"HUBARA hosting solutions, S.L."
51395,"Datasource AG"
51430,"AltusHost B.V."
51445,"UNKNOWN"
51447,"RootLayer Web Services Ltd."
51490,"Proper Support LLP"
51659,"LLC Baxet"
51698,"ActiveHost RU LLC"
51731,"GTT a.s."
51747,"Internet Vikings International AB"
51765,"Oy Crea Nova Hosting Solution Ltd"
51842,"I-Net LLC"
51852,"Private Layer INC"
51862,"Profitbricks GmbH"
51961,"UNKNOWN"
51983,"UNKNOWN"
52048,"DataClub S.A."
52173,"Sia Nano IT"
52219,"Router Networks LLC"
52236,"G2KHosting S.A."
52270,"ELSERVER S.R.L"
52302,"Awknet International, S.A."
52321,"Fideicomiso de Administracion Datacenter Capitalinas"
52335,"Colombia Hosting"
52347,"HOSTCLICK, de DUCA GRACIELA MIRTA"
52393,"Corporacion Dana S.A."
52449,"My Tech"
52465,"WNet Internet y Hosting"
52485,"networksdelmanana.com"
52499,"UNKNOWN"
52523,"COMPANHIA PAULISTA DE FORCA E LUZ"
52674,"NEOGRID DATACENTER SA"
52733,"UNKNOWN"
52925,"Ascenty Data Centers e Telecomunicacoes S/A"
53013,"W I X NET DO BRASIL LTDA - ME"
53055,"UNKNOWN"
53057,"RedeHost Internet Ltda."
53101,"SIANET Datacenter e Provedores Ltda-ME"
53221,"ENGETRONICS INTERNET DATACENTER"
53225,"IPGLOBE INTERNET LTDA"
53281,"ASN-CLEARPATH"
53318,"UNKNOWN"
53332,"UNKNOWN"
53340,"FIBERHUB"
53342,"UNKNOWN"
53346,"ONE-WORLD-TELECOM"
53369,"UNKNOWN"
53370,"DOTCOM-HOST"
53440,"VB-AK"
53464,"UNKNOWN"
53559,"ANONYMIZER"
53589,"PLANETHOSTER-8"
53597,"HOYOS-CONSULTING-LLC"
53611,"UNKNOWN"
53648,"SBAC"
53667,"PONYNET"
53723,"FAST2500"
53755,"IOFLOOD"
53812,"NETNV"
53850,"GORILLASERVERS"
53889,"UNKNOWN"
53914,"GENESIS-HOSTING-SOLUTIONS-LLC"
53918,"HHRL-ASN"
54014,"VUNITY-INC"
54046,"QUICKWEB-USA-NET"
54104,"UNKNOWN"
54203,"UNKNOWN"
54290,"HOSTWINDS"
54334,"UNKNOWN"
54455,"MADEIT"
54489,"CORESPACE-DAL"
54500,"UNKNOWN"
54527,"ASTUTEHOSTING"
54540,"INCERO-HVVC"
54555,"HOSTDUPLEX"
54561,"SECUREDRAGON"
54641,"INMOTI-1"
54817,"UNKNOWN"
54825,"PACKET"
54839,"EMPIRE"
54997,"UNKNOWN"
55051,"UNKNOWN"
55081,"24SHELLS"
55150,"UNKNOWN"
55225,"RWISL-ASN"
55229,"WSHOSTING"
55286,"SERVER-MANIA"
55293,"A2HOSTING"
55536,"PACSWITCH IP NETWORK"
55720,"Gigabit Hosting Sdn Bhd"
55761,"UNKNOWN"
55799,"IPTELECOM ASIA"
55803,"Digital Pacific Pty Ltd Australia"
55933,"Cloudie Limited"
55967,"Beijing Baidu Netcom Science and Technology Co., Ltd."
56106,"ZONENETWORKS.COM.AU - Hosting Provider AUSTRALIA"
56110,"Everdata Technologies Pvt Ltd"
56291,"Ace, Inc."
56309,"408 Fl4 CATTOWER"
56322,"ServerAstra Kft."
56611,"REBA Communications BV"
56617,"UNKNOWN"
56630,"Melbikomas UAB"
56732,"Hostinet S.l.u."
56784,"Limited liability company MultiHOST MSK"
56799,"UNKNOWN"
56831,"UNKNOWN"
56934,"UNKNOWN"
57043,"Hostkey B.v."
57054,"UNKNOWN"
57059,"UNKNOWN"
57129,"Optibit LLC"
57166,"Stefan Brand-Epprecht"
57169,"EDIS GmbH"
57172,"Global Layer B.V."
57189,"UNKNOWN"
57230,"Aria Web Development LLC"
57286,"Gigas Hosting S.A."
57345,"Suivant Sarl"
57363,"CDNvideo LLC"
57433,"intercolo GmbH"
57669,"Pulsant Limited"
57678,"Red Bytes LLC"
57682,"Tov Host Vds"
57717,"FiberXpress BV"
57751,"Ryoko Group Limited"
57752,"Normhost SAS"
57756,"UNKNOWN"
57773,"1Access Sweden AB"
57858,"Inter Connects Inc"
57879,"Eximprod Servicii Suport Srl"
57880,"UNKNOWN"
57972,"Inter Connects Inc"
58014,"ZUTOM s.r.o."
58073,"YISP B.V."
58099,"GUM Limited Liability Company"
58113,"UNKNOWN"
58222,"Green Web Samaneh Novin Co Ltd"
58305,"SYN LTD"
58313,"Misaka Network, Inc."
58366,"UNKNOWN"
58369,"PT. Fiber Networks Indonesia"
58667,"UNKNOWN"
58797,"UNKNOWN"
58827,"UNKNOWN"
58922,"Microchannel Hosting Pty Ltd"
58936,"Managed Hosted Applications Limited"
58964,"IGIGLE HOST"
59135,"PT Suraloka Digital Kreatif"
59253,"Leaseweb Asia Pacific pte. ltd."
59344,"UNKNOWN"
59349,"GMO-Z.COM PTE. LTD."
59374,"BEST IDC by Best Internet Service Solution"
59384,"UNKNOWN"
59432,"Ginernet S.l."
59504,"Vpsville LLC"
59554,"Datacenter Groningen B.V."
59615,"SIA Serverum"
59632,"Sc Pidgin Host Srl"
59677,"UNKNOWN"
59705,"Veber Limited"
59729,"ITL LLC"
59749,"UNKNOWN"
59764,"Atlantic.Net, INC."
59791,"LinQhost B.V."
59795,"Hosting4Real"
59816,"Safe Hosts Internet LLP"
59854,"Top Level Hosting SRL"
60011,"Mythic Beasts Ltd"
60068,"Datacamp Limited"
60117,"Host Sailor Ltd."
60118,"Cyber Smart Solutions S.R.L"
60262,"UNKNOWN"
60318,"UNKNOWN"
60371,"UNKNOWN"
60394,"UNKNOWN"
60404,"Liteserver Holding B.V."
60485,"Inter Connects Inc"
60505,"LLC TeleNet Sljudjanka"
60539,"UNKNOWN"
60558,"Phoenix Nap, LLC."
60567,"DataClub S.A."
60670,"WideFM LTD"
60695,"NETRONIK sp. z o.o."
60739,"Server Centre Hosting Ltd"
60781,"LeaseWeb Netherlands B.V."
60800,"Netwise Hosting Ltd"
60887,"International Systems Engineering & Automation Company PJS"
60937,"UNKNOWN"
60974,"Naicoms EOOD"
61102,"Interhost Communication Solutions Ltd."
61107,"Universal Cdn (cyprus) Ltd"
61147,"CallHosted B.V."
61157,"PlusServer GmbH"
61280,"UNKNOWN"
61317,"Digital Energy Technologies Ltd."
61412,"UNKNOWN"
61422,"UNKNOWN"
61440,"UNKNOWN"
62026,"UNKNOWN"
62049,"UNKNOWN"
62052,"asnicom Eood"
62058,"Etspubli Radio-television Belge De La Communaute Francaise"
62068,"SpectraIP B.V."
62071,"Datahost SRL"
62080,"UNKNOWN"
62082,"Hostland LTD"
62088,"UNKNOWN"
62093,"UNKNOWN"
62115,"State Specialized Russian Export-Import Bank (Joint-Stock Company)"
62214,"RackForest Kft."
62217,"VooServers Ltd"
62228,"UNKNOWN"
62240,"Clouvider Limited"
62266,"UNKNOWN"
62282,"UAB Rakrejus"
62294,"UNKNOWN"
62310,"managedhosting.de GmbH"
62370,"Snel.com B.V."
62468,"VPSQUAN"
62471,"UNKNOWN"
62519,"AS-SENDERMATRIX"
62540,"DRAKE-AS"
62563,"AS-GLOBALTELEHOST"
62567,"UNKNOWN"
62601,"UNKNOWN"
62605,"UNTANGLEDTECH"
62651,"NETPROTECT-62651"
62703,"CONNECTIONET"
62741,"UNKNOWN"
62756,"DOTBLOCK-2"
62785,"AMAZON-FC"
62838,"REPRISE-HOSTING"
62874,"WEB2OBJECTS"
62878,"UNKNOWN"
62899,"UNKNOWN"
62904,"EONIX-COMMUNICATIONS-ASBLOCK-62904"
63008,"UNKNOWN"
63018,"DEDICATED"
63043,"UNKNOWN"
63119,"Inter Connects Inc"
63128,"NETPROTECT-CHICAGO"
63129,"DL"
63157,"UNKNOWN"
63199,"CDSC-AS1"
63213,"ASTUTEHOSTING-VALUE"
63410,"PRIVATESYSTEMS"
63473,"HOSTHATCH"
63485,"UNKNOWN"
63760,"AZDIGI Corporation"
63916,"IPTELECOM Global"
63949,"Linode, LLC"
63956,"Colocation Australia Pty Ltd"
63990,"UNKNOWN"
64013,"UNKNOWN"
64035,"UNKNOWN"
64056,"Kazila LLC"
64067,"HostCircle IT Solutions PVT LTD"
64085,"UNKNOWN"
64236,"UNREAL-SERVERS"
64245,"AS-DIGITALFYRE"
64484,"Hexanode SARL"
65075,"UNKNOWN"
80780,"UNKNOWN"
131321,"UNKNOWN"
131334,"UNKNOWN"
131392,"GMO-Z.com Runsystem Joint Stock Company"
131472,"UNKNOWN"
131788,"UNKNOWN"
132070,"UNKNOWN"
132071,"Intervolve Pty Ltd"
132212,"ACRE COMPUTER SERVICES LIMITED"
132225,"UNKNOWN"
132231,"UNKNOWN"
132425,"APC Hosting Pte Ltd"
132509,"DIGIWEB ADVANCED HOSTING LIMITED"
132717,"NxtGen Datacenter & Cloud Technologies Pvt. Ltd."
132779,"RackBank Datacenters Private Ltd"
132816,"SimplerCloud Pte Ltd"
132869,"Mohammad Mahabub Alam t/a M.A Network Service"
133120,"Hosted Network Pty. Ltd."
133143,"Medihost Solutions Pty Ltd"
133159,"Mammoth Media Pty Ltd"
133199,"SonderCloud Limited"
133222,"UNKNOWN"
133229,"UNKNOWN"
133296,"Web Werks India Pvt. Ltd."
133393,"Naki Host Limited"
133480,"Intergrid Group Pty Ltd"
133752,"Leaseweb Asia Pacific pte. ltd."
133855,"UNKNOWN"
134094,"Serverfield Co., Ltd."
134190,"IPDC SOLUTIONS PTE LTD"
134451,"NewMedia Express Pte Ltd"
134837,"Dhaka Internet"
135004,"UNKNOWN"
135028,"UNKNOWN"
135124,"Green Surma Communications"
135300,"Myanmar Broadband Telecom Co., Ltd"
135402,"UNKNOWN"
135555,"City Communications PTY LTD"
135562,"Nevigate Global Network (Hong Kong) Limited"
135822,"UNKNOWN"
135905,"VIETNAM POSTS AND TELECOMMUNICATIONS GROUP"
136258,"BrainStorm Network, Inc"
136851,"PT ARDETAMEDIA GLOBAL KOMPUTINDO"
136945,"UNKNOWN"
137434,"UNKNOWN"
137517,"UNKNOWN"
138156,"CSNE Co., Ltd."
138994,"China International Business Limited"
196645,"Ltd Hostpro Lab"
196678,"OOO Hosterov"
196716,"Pegas Crimea Ltd"
196745,"Datacenta Hosting Ltd"
196827,"Credocom A/S"
197043,"UNKNOWN"
197145,"UNKNOWN"
197155,"Artnet Sp. z o.o."
197226,"sprint S.A."
197286,"UNKNOWN"
197328,"Istanbuldc Veri Merkezi Ltd Sti"
197372,"UNKNOWN"
197395,"Ark B Hosting Bv"
197426,"UNKNOWN"
197439,"Sylon Hosting GmbH"
197569,"UNKNOWN"
197648,"Cloudlayer8 Limited"
197695,"Domain names registrar REG.RU, Ltd"
197812,"UNKNOWN"
197902,"Hostnet B.V."
197914,"Ecritel SASU"
198015,"Skype Communications Sarl"
198047,"Paragon Internet Group Limited"
198097,"UNKNOWN"
198153,"societat D'estudis Informatics I D'organitzacio, Societat Anonima (seidor)"
198171,"HOSTING90 systems s.r.o."
198310,"Pallada Web Service LLC"
198313,"UNKNOWN"
198347,"Game-Hosting GH AB"
198375,"Inulogic Sarl"
198414,"H88 S.A."
198432,"Ipcore Datacenters S.L"
198605,"AVAST Software s.r.o."
198620,"Bralu Jurjanu biedriba"
198651,"Hostline, Uab"
198968,"Cyberneticos Hosting SL"
199129,"UNKNOWN"
199176,"UNKNOWN"
199213,"Sentia Denmark A/S"
199297,"UNKNOWN"
199432,"UNKNOWN"
199481,"K3 Hosting Limited"
199524,"G-Core Labs S.A."
199653,"Aruba SAS"
199716,"UNKNOWN"
199733,"Extrahost GmbH"
199847,"UNKNOWN"
199874,"UNKNOWN"
199883,"ArubaCloud Limited"
199990,"Localhost As"
199997,"Ippon Hosting SARL"
200000,"Hosting Ukraine LTD"
200019,"Alexhost Srl"
200039,"UNKNOWN"
200052,"Feral.io Ltd"
200074,"UNKNOWN"
200079,"UNKNOWN"
200085,"UNKNOWN"
200137,"UNKNOWN"
200141,"UNKNOWN"
200147,"Hosting Techniques Limited"
200454,"UNKNOWN"
200532,"LLP Kompaniya Hoster.KZ"
200557,"Region40 LLC"
200603,"UNKNOWN"
200617,"Frame Design Ltd"
200651,"Flokinet Ltd"
200775,"UNKNOWN"
200814,"LLC Gazik Net"
200859,"sps Building Companyltd"
200904,"Foxcloud Llp"
200981,"Oracle Svenska AB"
201011,"AS33891 Netzbetrieb GmbH"
201094,"Mulgin Alexander Sergeevich"
201200,"SuperHosting.BG Ltd."
201233,"UNKNOWN"
201351,"UNKNOWN"
201449,"Digital Absolut Business - Servidor, Virtualizacao, Cluster, Datacenters e Telecomunicacoes"
201509,"AmwayEurope"
201525,"HZ Hosting Ltd"
201553,"Vola los del Internet S.L."
201597,"NE-iT Hosting BV"
201630,"Qhoster Ltd."
201634,"UNKNOWN"
201640,"UNKNOWN"
201670,"UNKNOWN"
201702,"skHosting.eu s.r.o."
201709,"HanDS Hanse Datacenter Services GmbH"
201813,"Starhost SRL"
201862,"VMhosts Ltd"
201912,"FutureNow Incorporated"
201963,"UNKNOWN"
201983,"Ansluten Hosting i Sverige AB"
202023,"LLHost Inc"
202053,"UpCloud Ltd"
202118,"UNKNOWN"
202144,"Tov Chempir"
202171,"Pp torero"
202193,"FreeCom S.r.l."
202278,"UNKNOWN"
202413,"UNKNOWN"
202425,"IP Volume inc"
202436,"Ovcharov Oleksandr Mykhailovych"
202470,"UNKNOWN"
202527,"Aorel Technology Investments LLC"
202533,"UNKNOWN"
202585,"UNKNOWN"
202614,"UNKNOWN"
202661,"UNKNOWN"
202678,"UNKNOWN"
202693,"UNKNOWN"
202702,"UNKNOWN"
202726,"UNKNOWN"
202750,"UNKNOWN"
202769,"UNKNOWN"
202836,"UNKNOWN"
202969,"FOP Svynoboy Yuriy Anatoliyovich"
203020,"HostRoyale Technologies Pvt Ltd"
203025,"Euroweb SRL"
203040,"UNKNOWN"
203044,"UNKNOWN"
203059,"UNKNOWN"
203069,"UNKNOWN"
203120,"UNKNOWN"
203405,"UNKNOWN"
203418,"UNKNOWN"
203443,"Indert Connection Lp"
203523,"Virtono Networks SRL"
203565,"UNKNOWN"
203629,"UNKNOWN"
203631,"UNKNOWN"
203694,"UNKNOWN"
203706,"PE Livada Gennady Olexandrovich"
203950,"Viasat Cloud SRL"
203999,"Geekyworks IT Solutions Pvt Ltd"
204078,"Green Team Internet LTD"
204085,"Next Global Services L.p."
204105,"UNKNOWN"
204139,"Next Global Services L.p."
204185,"Yuchen Ma"
204188,"ITSG Informationstechnische Servicestelle der Gesetzlichen Krankenversicherung GmbH"
204196,"Abelohost BV"
204210,"UNKNOWN"
204223,"UNKNOWN"
204333,"Rodnoi OU"
204428,"SS-Net"
204654,"Agrupacion Espanola De Entidades Aseguradoras De Los Seguros Agrarios Combinados SA"
204655,"Novogara LTD"
204872,"Starhost SRL"
204895,"Yury Dolin"
204992,"UNKNOWN"
205021,"UNKNOWN"
205124,"Telehost SRL"
205406,"Access2.IT Group B.V."
205422,"UNKNOWN"
205565,"Base Telecommunications LLP"
205660,"CGM IT Solutions & Services GmbH"
205770,"UNKNOWN"
205824,"Innovating Channel LLP"
205835,"UNKNOWN"
205842,"Link Web Solutions LLP"
205848,"Data Hosting LTD"
205857,"UNKNOWN"
205869,"UNKNOWN"
205873,"Skynet Multimedia"
205884,"UNKNOWN"
205920,"UNKNOWN"
205944,"UNKNOWN"
206005,"UNKNOWN"
206068,"UNKNOWN"
206087,"UNKNOWN"
206127,"UNKNOWN"
206178,"Global Network Point LLC"
206233,"Matteo Bakalli"
206246,"Reach Media Sky Llp"
206352,"Media Connective LLP"
206361,"UNKNOWN"
206469,"Networked Creativity LLP"
206590,"UNKNOWN"
206644,"Ianciuc Invest Srl"
206654,"Tehnoinstal Srl"
206728,"Media Land LLC"
206750,"UNKNOWN"
206776,"UNKNOWN"
206898,"Server Hosting Pty Ltd"
206977,"UNKNOWN"
207088,"Adoard Global Reach LLC"
207096,"Link Web Solutions LLP"
207108,"UNKNOWN"
207155,"Home Web Development LLP"
207200,"Kristian Hoyle-Johnson"
207239,"UNKNOWN"
208294,"Markus Koch"
208476,"Danilenko, Artyom"
208666,"Estro Web Services Private Limited"
208951,"It-grad Nl B.v."
209128,"UNKNOWN"
209559,"Bcoolt Creative Media"
209574,"Quest It Services LLC"
209623,"David Craig"
209723,"Expert Netcloud Llp"
209735,"UNKNOWN"
209843,"UNKNOWN"
209999,"Ascot Racecourse Ltd"
210004,"Stichting Internet Domeinregistratie Nederland"
210239,"UNKNOWN"
210273,"World Hosting Farm Limited"
262170,"Visualhosting.net"
262267,"UNKNOWN"
262287,"Maxihost LTDA"
262603,"GX INTERNET E WEB HOSTING SERV DE INFORMATICA LTDA"
262916,"UNKNOWN"
262978,"Centro de Tecnologia Armazem Datacenter Ltda."
262990,"VIRTUAL CENTER HOSTING TECNOLOGIA EIRELI"
263032,"Empire Telecom"
263093,"Endurance Group Brasil Hospedagem de Sites LTDA"
263168,"UNKNOWN"
263203,"UNKNOWN"
263237,"PowerHost Telecom SPA"
263734,"UNKNOWN"
263735,"SOCIEDAD BUENA HOSTING, S.A."
263740,"Corporacion Laceibanetsociety"
263744,"Udasha S.A."
263745,"UNKNOWN"
263821,"Soluciones Favorables"
263829,"HOST PARA TU VIDA S.A."
327705,"FUTA"
327784,"FIDELITY-BANK"
327790,"UNKNOWN"
327813,"Web4Africa"
327942,"LANDMARK-UNIVERSITY"
328035,"Zeta-Web-Nigeria-AS"
328095,"UNKNOWN"
393326,"EPICGA-DC3-AS"
393504,"XNSTG"
393646,"UNKNOWN"
393715,"UNKNOWN"
393886,"LEASEWEB-USA-MIA-11"
393927,"UNKNOWN"
393956,"UNKNOWN"
394021,"UNKNOWN"
394056,"UNKNOWN"
394143,"UNKNOWN"
394194,"MCOGP"
394256,"CLOUDSINGULARITY"
394330,"LTDBROADBAND"
394380,"LEASEWEB-USA-DAL-10"
394625,"WHITELABELIT"
394727,"NODISTO"
395089,"HEXTET"
395105,"UNKNOWN"
395111,"KVCNET-2009"
395358,"UNKNOWN"
395561,"UNKNOWN"
395954,"LEASEWEB-USA-LAX-11"
395978,"UNKNOWN"
396190,"LEASEWEB-USA-SEA-10"
396362,"LEASEWEB-USA-NYC-11"
396412,"SRSBIZ"
396507,"EMERALD-ONION"
397384,"LAUNCHVPS"
397539,"UNKNOWN"
